"C, % \ Ug, V",0.0,0.05,0.1,0.15,0.2,0.25,0.3,0.35,0.4,0.45,0.5,0.55,0.6,0.65,0.7,0.75,0.8,0.85,0.9,0.95,1.0,1.05,1.1,1.15,1.2,1.25,1.3,1.35,1.4,1.45,1.5
0.0,0.70446,0.73394,0.76343,0.80144,0.83945,0.89089,0.94233,0.97116,1.0,0.99312,0.98624,0.93873,0.89122,0.85026,0.80931,0.7828,0.7563,0.73529,0.71429,0.69889,0.68349,0.67071,0.65793,0.64614,0.63434,0.62451,0.61468,0.6055,0.59633,0.58781,0.57929
0.1,0.69974,0.72923,0.75817,0.79626,0.83427,0.88571,0.93665,0.96548,0.99456,0.98909,0.98221,0.9347,0.88813,0.84718,0.80676,0.77932,0.75282,0.73181,0.7109,0.69547,0.68007,0.66729,0.65464,0.64284,0.63105,0.62126,0.61143,0.60225,0.59328,0.58476,0.57633
0.2,0.69503,0.72424,0.75292,0.79104,0.82909,0.88028,0.93097,0.95993,0.98913,0.98436,0.97819,0.93115,0.88505,0.84436,0.80421,0.77631,0.74934,0.72838,0.70752,0.69207,0.67665,0.66394,0.65136,0.63955,0.62775,0.61798,0.60817,0.5991,0.59024,0.58176,0.57338
0.3,0.69031,0.71898,0.74766,0.78578,0.82391,0.8746,0.92529,0.95449,0.98369,0.97892,0.97416,0.92806,0.88196,0.84181,0.80166,0.77376,0.74586,0.725,0.70413,0.68868,0.67323,0.66065,0.64807,0.63627,0.62446,0.61469,0.60492,0.59606,0.58719,0.5788,0.57042
0.4,0.68593,0.71276,0.74143,0.77956,0.81876,0.86894,0.91963,0.949,0.9782,0.97459,0.96983,0.92373,0.8786,0.83901,0.79886,0.77096,0.74222,0.72146,0.7006,0.68515,0.66967,0.65709,0.64502,0.6332,0.62139,0.61162,0.60189,0.59304,0.58418,0.57588,0.5675
0.5,0.68155,0.70745,0.7352,0.77386,0.8136,0.86354,0.91398,0.94343,0.97272,0.96968,0.96549,0.91988,0.87523,0.83593,0.79606,0.76774,0.73859,0.71788,0.69706,0.6816,0.6661,0.65378,0.64197,0.63014,0.61833,0.60858,0.59886,0.59002,0.58116,0.57291,0.56457
0.6,0.67717,0.70307,0.72897,0.76871,0.80845,0.85838,0.90832,0.93778,0.96723,0.9642,0.96116,0.91652,0.87187,0.83256,0.79326,0.7641,0.73495,0.71424,0.69353,0.67804,0.66254,0.65073,0.63892,0.62709,0.61526,0.60554,0.59583,0.58699,0.57815,0.5699,0.56165
0.7,0.67311,0.69901,0.72377,0.76447,0.80421,0.85414,0.90369,0.93315,0.96184,0.95881,0.9569,0.91321,0.86857,0.82926,0.79052,0.76072,0.73156,0.71085,0.69023,0.6747,0.6592,0.64739,0.63596,0.62413,0.61228,0.6026,0.59288,0.5837,0.57486,0.56661,0.55846
0.8,0.66904,0.69437,0.71856,0.75974,0.79996,0.84971,0.89907,0.92814,0.95646,0.95398,0.95263,0.90943,0.86527,0.82624,0.78777,0.75765,0.72817,0.7075,0.68692,0.67137,0.65586,0.64424,0.63301,0.62117,0.60931,0.59963,0.58993,0.58058,0.57157,0.56337,0.55528
0.9,0.66498,0.68917,0.71336,0.75454,0.79572,0.84508,0.89444,0.92276,0.95107,0.94972,0.94837,0.90517,0.86197,0.8235,0.78503,0.7549,0.72478,0.7042,0.68362,0.66807,0.65252,0.64128,0.63005,0.61819,0.60633,0.59665,0.58698,0.57763,0.56828,0.56018,0.55209
1.0,0.66097,0.68384,0.70803,0.74921,0.7915,0.84047,0.88983,0.91743,0.94574,0.94439,0.94423,0.90199,0.85879,0.82032,0.78239,0.75157,0.72145,0.70095,0.68037,0.66482,0.64923,0.63812,0.62689,0.61502,0.60316,0.59352,0.58385,0.57445,0.5651,0.557,0.549
1.1,0.65696,0.67917,0.7027,0.74444,0.78728,0.83606,0.88523,0.91246,0.94042,0.93966,0.9401,0.89833,0.8556,0.8174,0.77975,0.74858,0.71811,0.69765,0.67711,0.66154,0.64594,0.6349,0.62373,0.61185,0.59998,0.59037,0.58071,0.57129,0.56191,0.55386,0.54591
1.2,0.65295,0.67516,0.69737,0.74022,0.78306,0.83184,0.88062,0.90785,0.93509,0.93552,0.93596,0.89419,0.85242,0.81476,0.77711,0.74594,0.71478,0.69432,0.67386,0.65825,0.64265,0.63161,0.62057,0.60869,0.59681,0.58719,0.57758,0.56815,0.55873,0.55077,0.54282
1.3,0.64925,0.6705,0.69271,0.7365,0.77935,0.82813,0.87659,0.90285,0.93009,0.93052,0.93179,0.89097,0.8492,0.81154,0.77444,0.74327,0.71136,0.6909,0.67053,0.65489,0.63928,0.62824,0.61751,0.60562,0.59374,0.58412,0.57454,0.56552,0.55609,0.54814,0.54026
1.4,0.64554,0.66632,0.68805,0.73232,0.77564,0.82426,0.87255,0.89834,0.92509,0.92594,0.92761,0.88727,0.84598,0.8086,0.77177,0.74023,0.70794,0.68752,0.6672,0.65154,0.63592,0.62503,0.61446,0.60256,0.59067,0.58107,0.57151,0.56268,0.55345,0.54553,0.5377
1.5,0.64184,0.66262,0.68339,0.72766,0.77193,0.82022,0.86852,0.8943,0.92009,0.92176,0.92344,0.8831,0.84276,0.80593,0.7691,0.73681,0.70452,0.6842,0.66387,0.64821,0.63255,0.62197,0.6114,0.5995,0.5876,0.57804,0.56847,0.55964,0.55081,0.54298,0.53514
1.6,0.63818,0.65896,0.6791,0.72337,0.7681,0.81606,0.86435,0.89014,0.91515,0.91803,0.9197,0.87936,0.83994,0.80362,0.76679,0.73375,0.70146,0.6812,0.66088,0.64522,0.62951,0.61898,0.6084,0.5965,0.58459,0.57505,0.56549,0.55659,0.54776,0.54002,0.53219
1.7,0.63452,0.65498,0.67481,0.71931,0.76426,0.81205,0.86018,0.88558,0.91021,0.91369,0.91597,0.87608,0.83711,0.80105,0.76448,0.73106,0.69839,0.67817,0.65788,0.6422,0.62646,0.61596,0.60541,0.5935,0.58157,0.57205,0.5625,0.55358,0.54472,0.53702,0.52923
1.8,0.63086,0.65069,0.67052,0.71548,0.76043,0.80822,0.85601,0.88064,0.90527,0.90875,0.91223,0.87326,0.83429,0.79823,0.76217,0.72875,0.69533,0.67511,0.65489,0.63915,0.62342,0.61292,0.60241,0.59048,0.57856,0.56904,0.55952,0.55059,0.54167,0.53397,0.52628
1.9,0.62703,0.64655,0.66638,0.71198,0.75693,0.80442,0.85221,0.87684,0.90063,0.90411,0.90837,0.87032,0.83135,0.79529,0.75976,0.72598,0.69256,0.67234,0.65218,0.63644,0.62064,0.61027,0.59977,0.58784,0.57588,0.56636,0.55687,0.54794,0.53902,0.53132,0.52371
2.0,0.6232,0.64256,0.66223,0.70815,0.75343,0.80078,0.84842,0.87263,0.896,0.89986,0.90451,0.86692,0.82842,0.79262,0.75734,0.72339,0.6898,0.6696,0.64946,0.6337,0.61787,0.60756,0.59712,0.58518,0.57321,0.5637,0.55421,0.54529,0.53637,0.52871,0.52114
2.1,0.61937,0.63873,0.65809,0.70401,0.74993,0.79728,0.84462,0.86799,0.89136,0.896,0.90065,0.86306,0.82548,0.7902,0.75493,0.72098,0.68703,0.66689,0.64675,0.63092,0.61509,0.60478,0.59448,0.58251,0.57053,0.56104,0.55156,0.54264,0.53372,0.52614,0.51857
2.2,0.61603,0.63438,0.65374,0.69966,0.74612,0.79346,0.84047,0.86336,0.88673,0.89209,0.89673,0.85915,0.8225,0.78775,0.75247,0.71852,0.68358,0.66353,0.64339,0.62753,0.6117,0.60139,0.59188,0.57988,0.5679,0.55842,0.54895,0.54002,0.5311,0.5236,0.51603
2.3,0.61269,0.63054,0.6494,0.69558,0.7423,0.78948,0.83632,0.85897,0.8821,0.88782,0.89282,0.8557,0.81951,0.78503,0.75002,0.71557,0.68013,0.66012,0.64003,0.62415,0.6083,0.59839,0.58928,0.57726,0.56527,0.5558,0.54634,0.53741,0.52849,0.52103,0.51349
2.4,0.60935,0.6272,0.64505,0.69177,0.73849,0.78533,0.83217,0.85482,0.87747,0.88318,0.8889,0.85272,0.81653,0.78204,0.74756,0.71212,0.67668,0.65667,0.63667,0.62079,0.60491,0.59579,0.58668,0.57466,0.56264,0.55319,0.54373,0.5348,0.52587,0.51841,0.51095
2.5,0.60584,0.62369,0.64152,0.68776,0.73448,0.78132,0.8278,0.85045,0.87293,0.87864,0.88445,0.84924,0.81306,0.77857,0.74466,0.70956,0.67412,0.65411,0.63415,0.6182,0.60232,0.5932,0.584,0.57195,0.55993,0.55047,0.54104,0.53181,0.52288,0.51542,0.50805
2.6,0.60232,0.62016,0.63799,0.68398,0.73046,0.77712,0.82343,0.846,0.86839,0.87415,0.87999,0.84528,0.80958,0.77538,0.74176,0.70682,0.67155,0.65157,0.63162,0.61564,0.59972,0.59056,0.58131,0.56925,0.55721,0.54777,0.53835,0.52896,0.51988,0.51247,0.50514
2.7,0.59881,0.61664,0.63446,0.68046,0.72645,0.77276,0.81906,0.84146,0.86385,0.8697,0.87554,0.84082,0.80611,0.77248,0.73886,0.70392,0.66899,0.64904,0.6291,0.61312,0.59713,0.58788,0.57863,0.56656,0.5545,0.54508,0.53566,0.52627,0.51689,0.50956,0.50224
2.8,0.59556,0.61338,0.63058,0.67628,0.72228,0.7682,0.81451,0.8369,0.86006,0.86548,0.87133,0.83661,0.80286,0.76978,0.73616,0.70161,0.66667,0.64673,0.62681,0.61082,0.59476,0.58551,0.57626,0.56415,0.55209,0.54267,0.53326,0.52365,0.51426,0.50694,0.49969
2.9,0.5923,0.60982,0.62671,0.67226,0.71811,0.76384,0.80996,0.83274,0.85627,0.86148,0.86711,0.83288,0.7996,0.76681,0.73346,0.6991,0.66436,0.64442,0.62452,0.6085,0.59239,0.58314,0.5739,0.56177,0.54968,0.54027,0.53087,0.52114,0.51164,0.50435,0.49715
3.0,0.58905,0.60594,0.62283,0.66838,0.71394,0.75968,0.80541,0.82894,0.85248,0.85769,0.8629,0.82962,0.79635,0.76356,0.73076,0.6964,0.66204,0.64213,0.62223,0.60612,0.59002,0.58078,0.57153,0.5594,0.54727,0.53787,0.52847,0.51874,0.50901,0.5018,0.4946
3.1,0.58556,0.60188,0.61877,0.66433,0.70937,0.7551,0.80041,0.82477,0.84831,0.85352,0.85899,0.82664,0.79337,0.7611,0.7283,0.69405,0.65969,0.63979,0.61992,0.60373,0.58762,0.57838,0.56866,0.55653,0.54438,0.53501,0.52561,0.51602,0.50629,0.49908,0.49196
3.2,0.58208,0.59811,0.61472,0.66001,0.7048,0.75032,0.79542,0.82019,0.84413,0.84948,0.85508,0.82319,0.79038,0.75838,0.72585,0.69165,0.65735,0.63746,0.6176,0.60137,0.58523,0.57574,0.56579,0.55365,0.54149,0.53213,0.52274,0.51323,0.50357,0.49641,0.48933
3.3,0.57859,0.59462,0.61066,0.65544,0.70023,0.74532,0.79042,0.81519,0.83996,0.84556,0.85117,0.81928,0.7874,0.7554,0.72339,0.6892,0.655,0.63514,0.61529,0.59906,0.58283,0.57288,0.56292,0.55076,0.5386,0.52924,0.51988,0.51037,0.50085,0.49377,0.48669
3.4,0.57532,0.59136,0.60629,0.65158,0.69636,0.74111,0.78621,0.81098,0.83593,0.84153,0.84674,0.81583,0.78395,0.75252,0.72051,0.68632,0.65228,0.63248,0.61262,0.59639,0.5801,0.56998,0.56003,0.54787,0.53569,0.52636,0.517,0.50748,0.49823,0.49123,0.48415
3.5,0.57205,0.58754,0.60193,0.64746,0.69249,0.73707,0.78199,0.80685,0.83189,0.8373,0.8423,0.81189,0.7805,0.74935,0.71763,0.68352,0.64956,0.62978,0.60995,0.59369,0.57736,0.56717,0.55714,0.54497,0.53278,0.52346,0.51411,0.50473,0.49562,0.48866,0.48162
3.6,0.56878,0.58317,0.59756,0.64309,0.68862,0.7332,0.77778,0.80282,0.82786,0.83286,0.83787,0.80746,0.77705,0.7459,0.71475,0.6808,0.64684,0.62706,0.60728,0.59096,0.57463,0.56444,0.55425,0.54206,0.52987,0.52055,0.51123,0.50212,0.493,0.48604,0.47908
3.7,0.56528,0.57967,0.5927,0.63863,0.68416,0.72832,0.7729,0.7983,0.82334,0.82835,0.83389,0.80441,0.774,0.74285,0.71224,0.67799,0.64403,0.62425,0.60453,0.58814,0.57182,0.56163,0.5516,0.53938,0.52719,0.51789,0.50857,0.49946,0.49036,0.48348,0.47652
3.8,0.56179,0.5755,0.58784,0.63396,0.67969,0.72365,0.76802,0.7936,0.81882,0.82409,0.8299,0.8009,0.77096,0.74007,0.70972,0.67533,0.64123,0.62147,0.60177,0.58536,0.569,0.5589,0.54896,0.53672,0.52451,0.51523,0.50592,0.49681,0.48772,0.48088,0.47396
3.9,0.55829,0.57064,0.58298,0.6291,0.67523,0.71918,0.76314,0.78872,0.8143,0.82011,0.82592,0.79692,0.76791,0.73756,0.70721,0.67282,0.63842,0.61872,0.59902,0.58261,0.56619,0.55625,0.54631,0.53407,0.52183,0.51255,0.50326,0.49417,0.48508,0.47824,0.4714
4.0,0.55493,0.56609,0.57844,0.62456,0.67114,0.71509,0.75868,0.78426,0.81005,0.81597,0.82178,0.79278,0.76472,0.73492,0.70457,0.67017,0.6355,0.6162,0.5965,0.57969,0.56328,0.55334,0.54351,0.53124,0.519,0.50972,0.50046,0.49149,0.4824,0.47564,0.4688
4.1,0.55156,0.56214,0.57389,0.62024,0.66704,0.71081,0.75421,0.7799,0.8058,0.81177,0.81764,0.78911,0.76152,0.732,0.70192,0.66739,0.63259,0.61348,0.59398,0.57698,0.56037,0.55048,0.54071,0.52843,0.51618,0.5069,0.49766,0.48875,0.47972,0.473,0.4662
4.2,0.5482,0.55878,0.56935,0.61615,0.66295,0.70635,0.74975,0.77565,0.80155,0.80752,0.8135,0.78591,0.75833,0.7288,0.69928,0.66447,0.62967,0.61056,0.59146,0.57446,0.55746,0.54768,0.53791,0.52563,0.51335,0.5041,0.49486,0.48595,0.47704,0.47032,0.4636
4.3,0.54451,0.5539,0.56447,0.61127,0.65822,0.70118,0.74458,0.77048,0.79723,0.80332,0.8093,0.78171,0.75509,0.72611,0.69659,0.66178,0.62671,0.608,0.58889,0.57189,0.55451,0.54489,0.53511,0.52281,0.51053,0.50131,0.49206,0.48284,0.47393,0.46721,0.46058
4.4,0.54081,0.54961,0.5596,0.60647,0.6535,0.69623,0.7394,0.76573,0.79292,0.79906,0.80509,0.77799,0.75184,0.72314,0.69389,0.65896,0.62375,0.60523,0.58633,0.56913,0.55155,0.54201,0.53231,0.52,0.5077,0.4985,0.48927,0.47989,0.47082,0.46415,0.45757
4.5,0.53712,0.54592,0.55472,0.60174,0.64877,0.6915,0.73423,0.76142,0.7886,0.79474,0.80089,0.77474,0.7486,0.7199,0.6912,0.656,0.62079,0.60227,0.58376,0.56618,0.5486,0.53906,0.52951,0.51719,0.50488,0.49568,0.48647,0.47709,0.46771,0.46113,0.45455
4.6,0.53367,0.54247,0.55012,0.59694,0.64396,0.68624,0.72897,0.75615,0.78367,0.79125,0.7974,0.77125,0.746,0.7173,0.68909,0.6532,0.61799,0.59948,0.58101,0.56337,0.54579,0.53625,0.52693,0.51459,0.50227,0.49306,0.48388,0.4745,0.46519,0.45869,0.45211
4.7,0.53021,0.53844,0.54552,0.59223,0.63915,0.6812,0.7237,0.75105,0.77873,0.78704,0.7939,0.7682,0.74339,0.71494,0.68698,0.65074,0.61519,0.5967,0.57827,0.5606,0.54299,0.53356,0.52436,0.51199,0.49966,0.49047,0.48129,0.47195,0.46268,0.45622,0.44968
4.8,0.52676,0.53384,0.54092,0.58763,0.63434,0.67639,0.71844,0.74612,0.7738,0.7821,0.79041,0.7656,0.74079,0.71283,0.68487,0.64863,0.61239,0.59396,0.57552,0.55785,0.54018,0.53098,0.52178,0.50941,0.49705,0.48788,0.4787,0.46943,0.46016,0.4537,0.44724
4.9,0.52325,0.52939,0.53647,0.58318,0.62963,0.67168,0.71328,0.74098,0.76866,0.77697,0.78606,0.76222,0.73741,0.71002,0.68206,0.64583,0.60959,0.59116,0.57278,0.55511,0.53738,0.52856,0.51936,0.507,0.49459,0.48543,0.47626,0.46699,0.45717,0.45079,0.44433
5.0,0.51973,0.52541,0.53203,0.5786,0.62491,0.66674,0.70812,0.73584,0.76353,0.77223,0.78172,0.75836,0.73404,0.70692,0.67924,0.64303,0.6068,0.58839,0.57004,0.55234,0.53457,0.52595,0.51694,0.50456,0.49214,0.48298,0.47381,0.46427,0.45417,0.44784,0.44143
5.1,0.51622,0.5219,0.52758,0.57389,0.6202,0.66158,0.70296,0.73068,0.75839,0.76788,0.77737,0.75401,0.73066,0.70354,0.67643,0.64022,0.604,0.58565,0.5673,0.54953,0.53177,0.52314,0.51452,0.5021,0.48968,0.48052,0.47137,0.46128,0.45118,0.44485,0.43852
5.2,0.51255,0.51794,0.52362,0.56839,0.6147,0.65608,0.69692,0.72641,0.75413,0.76362,0.77354,0.75019,0.72776,0.70116,0.67405,0.63783,0.60139,0.58308,0.56473,0.54697,0.52914,0.52041,0.51179,0.49937,0.48692,0.47779,0.46864,0.45867,0.44857,0.44224,0.43599
5.3,0.50889,0.51412,0.51965,0.56366,0.60921,0.65032,0.69089,0.72126,0.74986,0.75957,0.76972,0.74682,0.72485,0.69852,0.67166,0.63534,0.59878,0.5805,0.56217,0.54437,0.5265,0.51773,0.50906,0.49663,0.48417,0.47505,0.4659,0.45599,0.44596,0.43967,0.43346
5.4,0.50522,0.51046,0.51569,0.5597,0.60371,0.64428,0.68485,0.71522,0.7456,0.75574,0.76589,0.74392,0.72195,0.69562,0.66928,0.63272,0.59617,0.57788,0.5596,0.54173,0.52387,0.5151,0.50633,0.49387,0.48141,0.47229,0.46317,0.45326,0.44335,0.43714,0.43093
5.5,0.50122,0.50631,0.51155,0.55556,0.59875,0.63885,0.67942,0.70979,0.74171,0.75174,0.76189,0.73992,0.71889,0.69309,0.66675,0.6302,0.59366,0.57508,0.55679,0.53919,0.52132,0.51255,0.50388,0.49142,0.47892,0.4698,0.4607,0.45079,0.4406,0.43448,0.42827
5.6,0.49721,0.50224,0.50741,0.55101,0.5938,0.63365,0.67398,0.70513,0.73783,0.7478,0.75789,0.73639,0.71583,0.6903,0.66423,0.62768,0.59114,0.57242,0.55399,0.53651,0.51878,0.51005,0.50142,0.48894,0.47643,0.46732,0.45822,0.44818,0.43786,0.43177,0.4256
5.7,0.49321,0.49824,0.50327,0.54605,0.58884,0.6287,0.66855,0.70124,0.73394,0.74392,0.75389,0.73333,0.71277,0.68724,0.6617,0.62516,0.58863,0.5699,0.55118,0.5337,0.51623,0.5076,0.49897,0.48646,0.47394,0.46484,0.45575,0.44543,0.43511,0.42902,0.42294
5.8,0.48863,0.49408,0.49911,0.5419,0.58473,0.62422,0.66407,0.69676,0.72923,0.7392,0.74971,0.73011,0.70955,0.68456,0.65903,0.62268,0.58615,0.56746,0.54874,0.53118,0.51371,0.50508,0.49635,0.48381,0.47129,0.4622,0.45312,0.44254,0.43222,0.42613,0.42013
5.9,0.48405,0.48971,0.49495,0.53776,0.58063,0.61992,0.65959,0.69217,0.72451,0.73476,0.74554,0.72641,0.70632,0.68161,0.65635,0.6201,0.58366,0.565,0.54629,0.5287,0.51119,0.50251,0.49374,0.48117,0.46864,0.45956,0.45049,0.43977,0.42932,0.42328,0.41733
6.0,0.47947,0.48513,0.49079,0.53366,0.57652,0.61582,0.65511,0.68746,0.7198,0.73058,0.74136,0.72223,0.7031,0.67839,0.65368,0.61743,0.58118,0.56251,0.54385,0.52626,0.50867,0.4999,0.49112,0.47855,0.46599,0.45692,0.44786,0.43714,0.42643,0.42047,0.41452
6.1,0.4755,0.48116,0.48735,0.52947,0.57234,0.61163,0.65055,0.68295,0.7153,0.72608,0.73712,0.71895,0.69982,0.67511,0.65096,0.61471,0.57907,0.56041,0.54142,0.52383,0.50649,0.49727,0.4885,0.4759,0.46334,0.4543,0.44523,0.43452,0.42367,0.41779,0.41184
6.2,0.47154,0.47746,0.48391,0.52566,0.56816,0.60726,0.64599,0.67842,0.71079,0.72171,0.73289,0.7152,0.69655,0.67211,0.64824,0.6123,0.57697,0.55814,0.539,0.52153,0.50431,0.49487,0.48588,0.47327,0.46069,0.45166,0.4426,0.43182,0.4209,0.41507,0.40916
6.3,0.46757,0.47402,0.48047,0.52222,0.56398,0.6027,0.64143,0.67386,0.70629,0.71747,0.72865,0.71096,0.69327,0.6694,0.64552,0.61019,0.57486,0.55571,0.53657,0.51935,0.50213,0.49269,0.48326,0.47065,0.45804,0.449,0.43997,0.42906,0.41814,0.41231,0.40648
6.4,0.46375,0.4702,0.47685,0.51784,0.5596,0.59832,0.63665,0.66981,0.70224,0.71355,0.72473,0.70704,0.69028,0.66641,0.64306,0.6079,0.57257,0.55343,0.53431,0.51701,0.49979,0.49023,0.4808,0.46819,0.45554,0.4465,0.43749,0.42639,0.41547,0.40964,0.40389
6.5,0.45993,0.46648,0.47322,0.51384,0.55521,0.59374,0.63186,0.6654,0.6982,0.70957,0.72082,0.70359,0.6873,0.66368,0.6406,0.60553,0.57029,0.55115,0.53205,0.5147,0.49744,0.48783,0.47833,0.4657,0.45304,0.44401,0.435,0.42381,0.41281,0.40702,0.40131
6.6,0.45611,0.46286,0.4696,0.51022,0.55083,0.58895,0.62708,0.66062,0.69415,0.70552,0.7169,0.7006,0.68431,0.66122,0.63814,0.60307,0.568,0.54889,0.52979,0.51244,0.4951,0.48548,0.47587,0.4632,0.45054,0.44153,0.43252,0.42133,0.41014,0.40443,0.39872
6.7,0.45207,0.45881,0.46622,0.50624,0.54685,0.58498,0.62275,0.65651,0.69004,0.70142,0.71275,0.69741,0.68112,0.65858,0.63549,0.60042,0.56577,0.54669,0.52758,0.51015,0.49281,0.48319,0.47326,0.4606,0.4479,0.43891,0.4299,0.41865,0.40746,0.40175,0.39612
6.8,0.44802,0.4551,0.46285,0.50256,0.54288,0.58082,0.61841,0.65229,0.68594,0.69729,0.70861,0.69374,0.67792,0.65566,0.63285,0.59799,0.56355,0.54447,0.52538,0.50791,0.49052,0.48074,0.47065,0.45797,0.44525,0.43628,0.42728,0.416,0.40478,0.39911,0.39352
6.9,0.44398,0.45172,0.45947,0.49918,0.5389,0.57649,0.61408,0.64796,0.68183,0.69314,0.70446,0.6896,0.67473,0.65246,0.6302,0.59576,0.56132,0.54224,0.52317,0.5057,0.48823,0.47814,0.46804,0.45532,0.44261,0.43364,0.42466,0.41338,0.4021,0.39651,0.39092
7.0,0.4405,0.4487,0.45645,0.49616,0.53527,0.57255,0.61014,0.64402,0.67755,0.68882,0.70014,0.68528,0.67138,0.64911,0.62741,0.59341,0.55897,0.5399,0.52085,0.5033,0.48583,0.47574,0.46561,0.45285,0.44014,0.43118,0.4222,0.41064,0.39936,0.39377,0.38826
7.1,0.43702,0.44545,0.45342,0.49284,0.53165,0.56877,0.6062,0.63991,0.67328,0.68453,0.69582,0.68144,0.66802,0.64604,0.62462,0.59084,0.55662,0.53756,0.51852,0.50094,0.48343,0.47332,0.46318,0.4504,0.43767,0.42871,0.41975,0.40804,0.39661,0.39106,0.3856
7.2,0.43354,0.44197,0.4504,0.48921,0.52802,0.56514,0.60226,0.63563,0.669,0.68025,0.6915,0.67808,0.66467,0.64325,0.62183,0.58805,0.55427,0.53523,0.5162,0.49862,0.48103,0.47089,0.46075,0.44797,0.4352,0.42624,0.41729,0.40558,0.39387,0.3884,0.38294
7.3,0.43012,0.43855,0.44695,0.48576,0.52423,0.56102,0.59814,0.63111,0.66448,0.676,0.68725,0.67384,0.66139,0.64052,0.6191,0.58532,0.55159,0.5326,0.51357,0.49598,0.47833,0.46839,0.45825,0.44548,0.43267,0.42373,0.41478,0.40307,0.39127,0.38581,0.38042
7.4,0.42669,0.43511,0.4435,0.48214,0.52043,0.55706,0.59401,0.62679,0.65996,0.67162,0.68301,0.67007,0.6581,0.63751,0.61637,0.58261,0.5489,0.52994,0.51093,0.49331,0.47563,0.46579,0.45576,0.44296,0.43014,0.42121,0.41226,0.40051,0.38868,0.38325,0.37791
7.5,0.42327,0.43166,0.44005,0.47834,0.51664,0.55326,0.58989,0.62266,0.65544,0.6671,0.67876,0.66679,0.65482,0.63423,0.61364,0.57993,0.54622,0.52726,0.5083,0.49062,0.47293,0.4631,0.45326,0.44044,0.42761,0.41868,0.40975,0.39791,0.38608,0.38073,0.37539
7.6,0.4199,0.42783,0.43622,0.47452,0.51176,0.54791,0.58454,0.61807,0.65085,0.66251,0.67441,0.66244,0.65145,0.63142,0.61083,0.57733,0.54362,0.52466,0.50574,0.48798,0.4703,0.46046,0.45035,0.43752,0.42468,0.41575,0.40685,0.39535,0.38351,0.37817,0.3729
7.7,0.41652,0.42423,0.4324,0.47016,0.50687,0.5428,0.57919,0.6131,0.64625,0.65804,0.67007,0.65858,0.64807,0.62833,0.60802,0.57462,0.54101,0.52208,0.50319,0.48539,0.46767,0.45769,0.44744,0.4346,0.42174,0.41283,0.40394,0.39261,0.38095,0.37564,0.37041
7.8,0.41315,0.42086,0.42857,0.46528,0.50199,0.53791,0.57384,0.60775,0.64166,0.65369,0.66572,0.65521,0.6447,0.62496,0.60521,0.57181,0.53841,0.51952,0.50063,0.48284,0.46504,0.45478,0.44453,0.43167,0.41881,0.40992,0.40104,0.38971,0.37838,0.37315,0.36792
7.9,0.40932,0.41703,0.42488,0.461,0.49771,0.53324,0.56916,0.60307,0.63589,0.64946,0.66149,0.65194,0.64143,0.62168,0.60249,0.56909,0.53621,0.51734,0.49845,0.48065,0.46277,0.45198,0.44172,0.42884,0.41598,0.40709,0.39823,0.3869,0.37593,0.37078,0.36555
8.0,0.40549,0.41327,0.42119,0.45701,0.49342,0.52875,0.56448,0.59784,0.63011,0.64446,0.65726,0.64819,0.63816,0.61869,0.59978,0.56663,0.534,0.51514,0.49626,0.47843,0.46051,0.44944,0.43891,0.42601,0.41314,0.40427,0.39542,0.38427,0.37349,0.36837,0.36318
8.1,0.40166,0.40958,0.4175,0.45332,0.48914,0.52447,0.5598,0.59207,0.62434,0.63868,0.65303,0.64396,0.63489,0.61597,0.59706,0.56443,0.5318,0.51294,0.49408,0.47616,0.45824,0.44717,0.4361,0.4232,0.41031,0.40146,0.39261,0.38182,0.37104,0.36592,0.36081
8.2,0.39788,0.40613,0.41405,0.44987,0.48498,0.51994,0.55527,0.58754,0.61965,0.634,0.64873,0.64063,0.63156,0.6132,0.59429,0.56166,0.5293,0.51048,0.49162,0.4737,0.45571,0.44451,0.43344,0.42051,0.40762,0.39877,0.38994,0.37916,0.36877,0.36372,0.35861
8.3,0.39409,0.40252,0.41061,0.44607,0.48082,0.51559,0.55073,0.58292,0.61496,0.6295,0.64444,0.63682,0.62823,0.61015,0.59152,0.55902,0.5268,0.508,0.48915,0.4712,0.45317,0.44191,0.43078,0.41784,0.40493,0.39609,0.38728,0.37669,0.3665,0.36149,0.35641
8.4,0.39031,0.39874,0.40716,0.44191,0.47666,0.51143,0.5462,0.57823,0.61027,0.6252,0.64014,0.63252,0.6249,0.60682,0.58875,0.55652,0.5243,0.5055,0.48669,0.46866,0.45064,0.43938,0.42812,0.41518,0.40224,0.39342,0.38461,0.37442,0.36423,0.35922,0.35421
8.5,0.38578,0.39421,0.40369,0.43804,0.47279,0.50756,0.54199,0.5743,0.60633,0.62097,0.6359,0.62924,0.62162,0.6041,0.58603,0.55458,0.52236,0.50356,0.48476,0.46664,0.44861,0.43735,0.4256,0.41262,0.39968,0.39086,0.38207,0.37221,0.36202,0.35701,0.35207
8.6,0.38126,0.39021,0.40022,0.43437,0.46892,0.50352,0.53777,0.57022,0.6024,0.61688,0.63166,0.62548,0.61834,0.6011,0.5833,0.55225,0.52042,0.50162,0.48282,0.46465,0.44658,0.43507,0.42307,0.41008,0.39712,0.38832,0.37953,0.36984,0.35982,0.35484,0.34993
8.7,0.37673,0.38674,0.39675,0.4309,0.46505,0.4993,0.53356,0.56601,0.59846,0.61294,0.62742,0.62124,0.61506,0.59782,0.58058,0.54953,0.51848,0.49968,0.48089,0.46272,0.44455,0.43255,0.42055,0.40755,0.39456,0.38578,0.37699,0.3673,0.35761,0.3527,0.34779
8.8,0.37343,0.38344,0.39394,0.42713,0.46128,0.49554,0.52947,0.56192,0.59371,0.60887,0.62335,0.61717,0.61193,0.59469,0.57799,0.54694,0.51657,0.49778,0.47899,0.46082,0.44255,0.43016,0.41816,0.40517,0.39214,0.38336,0.37458,0.36489,0.35538,0.35054,0.34563
8.9,0.37014,0.38039,0.39114,0.42385,0.45752,0.49161,0.52537,0.55749,0.58895,0.60445,0.61927,0.61357,0.60881,0.59184,0.57541,0.5447,0.51467,0.49588,0.47709,0.45887,0.44055,0.42797,0.41578,0.40276,0.38971,0.38095,0.37217,0.36257,0.35316,0.34835,0.34348
9.0,0.36684,0.37758,0.38833,0.42104,0.45375,0.48752,0.52128,0.55274,0.5842,0.5997,0.6152,0.61044,0.60568,0.58925,0.57282,0.54279,0.51276,0.49398,0.47519,0.45687,0.43855,0.42597,0.41339,0.40034,0.38729,0.37852,0.36976,0.36034,0.35093,0.34612,0.34132
9.1,0.36266,0.37431,0.38505,0.41776,0.45057,0.48408,0.51784,0.54846,0.57992,0.59542,0.61079,0.60701,0.60225,0.58582,0.56996,0.53993,0.51066,0.49189,0.4731,0.45469,0.43637,0.42379,0.41076,0.39771,0.38463,0.37588,0.36712,0.35807,0.34866,0.34385,0.33912
9.2,0.35849,0.37058,0.38178,0.41454,0.4474,0.48077,0.51441,0.5446,0.57564,0.59108,0.60639,0.60309,0.59882,0.58267,0.56709,0.53744,0.50855,0.48979,0.47102,0.45256,0.4342,0.42139,0.40812,0.39506,0.38196,0.37323,0.36447,0.35561,0.34638,0.34161,0.33691
9.3,0.35431,0.3664,0.3785,0.41136,0.44422,0.4776,0.51097,0.54116,0.57136,0.58667,0.60198,0.59868,0.59539,0.57981,0.56423,0.53534,0.50645,0.48769,0.46893,0.45048,0.43202,0.41876,0.40549,0.3924,0.3793,0.37056,0.36183,0.35297,0.34411,0.33941,0.33471
9.4,0.3507,0.36364,0.37573,0.40859,0.4404,0.47344,0.50681,0.537,0.56713,0.58284,0.59815,0.59485,0.59248,0.5769,0.56184,0.53329,0.5044,0.48564,0.46689,0.44834,0.42989,0.41662,0.40281,0.38968,0.37659,0.36785,0.35914,0.35028,0.34191,0.33728,0.33258
9.5,0.3471,0.36045,0.37296,0.40529,0.43657,0.46944,0.50265,0.53281,0.5629,0.5788,0.59431,0.59148,0.58957,0.57425,0.55946,0.53107,0.50235,0.4836,0.46485,0.44626,0.42776,0.41422,0.40013,0.38698,0.37387,0.36515,0.35645,0.34784,0.33971,0.33511,0.33044
9.6,0.34349,0.35684,0.37019,0.40147,0.43275,0.46562,0.49849,0.52858,0.55867,0.57457,0.59048,0.58857,0.58666,0.57186,0.55707,0.52868,0.5003,0.48155,0.46281,0.44422,0.42563,0.41154,0.39745,0.3843,0.37116,0.36246,0.35376,0.34564,0.33751,0.33291,0.32831
9.7,0.33965,0.353,0.36777,0.39784,0.42912,0.46199,0.49455,0.5243,0.55439,0.57081,0.58671,0.5848,0.58381,0.56953,0.55473,0.5268,0.49842,0.47967,0.46094,0.44235,0.42366,0.40894,0.39485,0.3817,0.36853,0.35985,0.35115,0.34302,0.33533,0.3308,0.3262
9.8,0.3358,0.34987,0.36536,0.39482,0.42549,0.4582,0.49061,0.52018,0.5501,0.56678,0.58295,0.5815,0.58096,0.56694,0.5524,0.5247,0.49654,0.4778,0.45906,0.44042,0.42168,0.40665,0.39224,0.37908,0.36589,0.35722,0.34853,0.34063,0.33316,0.32866,0.32409
9.9,0.33196,0.34745,0.36294,0.3924,0.42186,0.45426,0.48667,0.51624,0.54582,0.5625,0.57918,0.57865,0.57811,0.56408,0.55006,0.52236,0.49466,0.47592,0.45719,0.43845,0.41971,0.40468,0.38964,0.37645,0.36326,0.35459,0.34592,0.33845,0.33098,0.32648,0.32198
10.0,0.32852,0.34401,0.36037,0.38927,0.41873,0.45114,0.48329,0.51171,0.54129,0.55797,0.5752,0.5756,0.57506,0.56104,0.54755,0.51985,0.49261,0.47389,0.45515,0.43632,0.41758,0.40255,0.38739,0.37415,0.36096,0.3523,0.34363,0.33635,0.32888,0.32438,0.31995
10.1,0.32509,0.34101,0.3578,0.38642,0.4156,0.44788,0.4799,0.50776,0.53676,0.55371,0.57121,0.57208,0.57202,0.55826,0.54503,0.51757,0.49057,0.47185,0.45312,0.43424,0.41546,0.40036,0.38513,0.37187,0.35866,0.35,0.34134,0.33416,0.32679,0.32232,0.31791
10.2,0.32165,0.33844,0.35523,0.38385,0.41247,0.4445,0.47652,0.50437,0.53223,0.54973,0.56723,0.5681,0.56897,0.55574,0.54252,0.51552,0.48852,0.4698,0.45108,0.4322,0.41333,0.3981,0.38288,0.36962,0.35636,0.3477,0.33905,0.33187,0.32469,0.32028,0.31588
10.3,0.3185,0.33584,0.35263,0.38045,0.40907,0.44081,0.47284,0.5007,0.52814,0.54573,0.56323,0.5641,0.5659,0.55321,0.53999,0.51299,0.48677,0.46805,0.44933,0.43046,0.41148,0.39625,0.38053,0.36723,0.35397,0.34532,0.33667,0.32949,0.32251,0.31817,0.31377
10.4,0.31536,0.33297,0.35003,0.37746,0.40568,0.43728,0.46916,0.49681,0.52406,0.54168,0.55922,0.56056,0.56284,0.55042,0.53746,0.51085,0.48503,0.4663,0.44758,0.42865,0.40962,0.39415,0.37818,0.36486,0.35158,0.34293,0.3343,0.32721,0.32033,0.31603,0.31166
10.5,0.31221,0.32982,0.34743,0.37486,0.40228,0.43388,0.46548,0.49272,0.51997,0.5376,0.55522,0.5575,0.55977,0.54735,0.53493,0.5091,0.48328,0.46455,0.44583,0.4268,0.40777,0.3918,0.37583,0.36251,0.34919,0.34056,0.33192,0.32503,0.31815,0.31385,0.30955
10.6,0.30884,0.32738,0.34499,0.37241,0.39859,0.43019,0.46148,0.4883,0.51554,0.53316,0.55132,0.55452,0.5568,0.5449,0.53248,0.50666,0.48173,0.46301,0.44427,0.42513,0.4061,0.39013,0.37334,0.35998,0.34666,0.33804,0.32941,0.32252,0.31586,0.31163,0.30733
10.7,0.30547,0.32447,0.34254,0.36935,0.39491,0.42635,0.45747,0.48408,0.51111,0.529,0.54741,0.55108,0.55382,0.54219,0.53004,0.50466,0.48019,0.46146,0.44271,0.42351,0.40442,0.38804,0.37084,0.35747,0.34414,0.33552,0.32689,0.32012,0.31356,0.30937,0.3051
